-- Seed vehicle makes
INSERT INTO vehicle_makes (id, name, slug) VALUES
('a1b2c3d4-0001-0001-0001-000000000001', 'Maruti Suzuki', 'maruti-suzuki'),
('a1b2c3d4-0001-0001-0001-000000000002', 'Hyundai', 'hyundai'),
('a1b2c3d4-0001-0001-0001-000000000003', 'Tata', 'tata'),
('a1b2c3d4-0001-0001-0001-000000000004', 'Honda', 'honda'),
('a1b2c3d4-0001-0001-0001-000000000005', 'Toyota', 'toyota'),
('a1b2c3d4-0001-0001-0001-000000000006', 'Mahindra', 'mahindra'),
('a1b2c3d4-0001-0001-0001-000000000007', 'Kia', 'kia'),
('a1b2c3d4-0001-0001-0001-000000000008', 'Volkswagen', 'volkswagen');

-- Seed vehicle models
INSERT INTO vehicle_models (id, make_id, name, slug) VALUES
('b1b2c3d4-0001-0001-0001-000000000001', 'a1b2c3d4-0001-0001-0001-000000000001', 'Swift', 'swift'),
('b1b2c3d4-0001-0001-0001-000000000002', 'a1b2c3d4-0001-0001-0001-000000000001', 'Baleno', 'baleno'),
('b1b2c3d4-0001-0001-0001-000000000003', 'a1b2c3d4-0001-0001-0001-000000000001', 'WagonR', 'wagonr'),
('b1b2c3d4-0001-0001-0001-000000000004', 'a1b2c3d4-0001-0001-0001-000000000001', 'Alto', 'alto'),
('b1b2c3d4-0001-0001-0001-000000000005', 'a1b2c3d4-0001-0001-0001-000000000002', 'i20', 'i20'),
('b1b2c3d4-0001-0001-0001-000000000006', 'a1b2c3d4-0001-0001-0001-000000000002', 'Creta', 'creta'),
('b1b2c3d4-0001-0001-0001-000000000007', 'a1b2c3d4-0001-0001-0001-000000000002', 'Verna', 'verna'),
('b1b2c3d4-0001-0001-0001-000000000008', 'a1b2c3d4-0001-0001-0001-000000000003', 'Nexon', 'nexon'),
('b1b2c3d4-0001-0001-0001-000000000009', 'a1b2c3d4-0001-0001-0001-000000000003', 'Harrier', 'harrier'),
('b1b2c3d4-0001-0001-0001-000000000010', 'a1b2c3d4-0001-0001-0001-000000000004', 'City', 'city'),
('b1b2c3d4-0001-0001-0001-000000000011', 'a1b2c3d4-0001-0001-0001-000000000005', 'Fortuner', 'fortuner'),
('b1b2c3d4-0001-0001-0001-000000000012', 'a1b2c3d4-0001-0001-0001-000000000006', 'Thar', 'thar'),
('b1b2c3d4-0001-0001-0001-000000000013', 'a1b2c3d4-0001-0001-0001-000000000007', 'Seltos', 'seltos'),
('b1b2c3d4-0001-0001-0001-000000000014', 'a1b2c3d4-0001-0001-0001-000000000008', 'Polo', 'polo');

-- Seed categories
INSERT INTO categories (id, name, slug, icon, sort_order) VALUES
('c1b2c3d4-0001-0001-0001-000000000001', 'Engine Parts', 'engine-parts', 'Cog', 1),
('c1b2c3d4-0001-0001-0001-000000000002', 'Brake System', 'brake-system', 'Disc', 2),
('c1b2c3d4-0001-0001-0001-000000000003', 'Suspension', 'suspension', 'CarFront', 3),
('c1b2c3d4-0001-0001-0001-000000000004', 'Electrical', 'electrical', 'Zap', 4),
('c1b2c3d4-0001-0001-0001-000000000005', 'Body Parts', 'body-parts', 'Car', 5),
('c1b2c3d4-0001-0001-0001-000000000006', 'Filters', 'filters', 'Filter', 6),
('c1b2c3d4-0001-0001-0001-000000000007', 'Clutch & Transmission', 'clutch-transmission', 'Settings2', 7),
('c1b2c3d4-0001-0001-0001-000000000008', 'Cooling System', 'cooling-system', 'Thermometer', 8),
('c1b2c3d4-0001-0001-0001-000000000009', 'Steering', 'steering', 'MoveDiagonal', 9),
('c1b2c3d4-0001-0001-0001-000000000010', 'Exhaust', 'exhaust', 'Wind', 10);

-- Seed brands
INSERT INTO brands (id, name, slug) VALUES
('d1b2c3d4-0001-0001-0001-000000000001', 'MGP (Maruti Genuine Parts)', 'mgp'),
('d1b2c3d4-0001-0001-0001-000000000002', 'Hyundai Genuine', 'hyundai-genuine'),
('d1b2c3d4-0001-0001-0001-000000000003', 'Bosch', 'bosch'),
('d1b2c3d4-0001-0001-0001-000000000004', 'NGK', 'ngk'),
('d1b2c3d4-0001-0001-0001-000000000005', 'Brembo', 'brembo'),
('d1b2c3d4-0001-0001-0001-000000000006', 'Denso', 'denso'),
('d1b2c3d4-0001-0001-0001-000000000007', 'Valeo', 'valeo'),
('d1b2c3d4-0001-0001-0001-000000000008', 'Lucas', 'lucas');

-- Seed parts
INSERT INTO parts (id, category_id, brand_id, name, slug, oem_number, description, price, mrp, in_stock, is_genuine) VALUES
('e1b2c3d4-0001-0001-0001-000000000001', 'c1b2c3d4-0001-0001-0001-000000000001', 'd1b2c3d4-0001-0001-0001-000000000003', 'Spark Plug - Iridium', 'spark-plug-iridium', 'SILZKR7B11S', 'High-performance iridium spark plug for better ignition and longer life', 450, 550, true, true),
('e1b2c3d4-0001-0001-0001-000000000002', 'c1b2c3d4-0001-0001-0001-000000000001', 'd1b2c3d4-0001-0001-0001-000000000006', 'Air Filter', 'air-filter-maruti', '13215M02J00', 'Genuine OEM air filter for clean engine performance', 380, 450, true, true),
('e1b2c3d4-0001-0001-0001-000000000003', 'c1b2c3d4-0001-0001-0001-000000000002', 'd1b2c3d4-0001-0001-0001-000000000005', 'Front Brake Pad Set', 'front-brake-pad-set', '555030F020', 'Premium ceramic brake pads for superior stopping power', 1850, 2200, true, true),
('e1b2c3d4-0001-0001-0001-000000000004', 'c1b2c3d4-0001-0001-0001-000000000002', 'd1b2c3d4-0001-0001-0001-000000000008', 'Rear Brake Shoe Set', 'rear-brake-shoe-set', '432203C100', 'Genuine rear brake shoes for consistent braking', 950, 1200, true, true),
('e1b2c3d4-0001-0001-0001-000000000005', 'c1b2c3d4-0001-0001-0001-000000000003', 'd1b2c3d4-0001-0001-0001-000000000003', 'Front Shock Absorber', 'front-shock-absorber', '514120M000', 'Gas-filled shock absorber for smooth ride quality', 2800, 3500, true, false),
('e1b2c3d4-0001-0001-0001-000000000006', 'c1b2c3d4-0001-0001-0001-000000000004', 'd1b2c3d4-0001-0001-0001-000000000006', 'Alternator', 'alternator-hyundai', '3730026600', 'OEM-spec alternator for reliable electrical charging', 8500, 10500, true, true),
('e1b2c3d4-0001-0001-0001-000000000007', 'c1b2c3d4-0001-0001-0001-000000000004', 'd1b2c3d4-0001-0001-0001-000000000004', 'Ignition Coil', 'ignition-coil', '2730126600', 'High-quality ignition coil for consistent spark delivery', 1200, 1500, true, true),
('e1b2c3d4-0001-0001-0001-000000000008', 'c1b2c3d4-0001-0001-0001-000000000006', 'd1b2c3d4-0001-0001-0001-000000000006', 'Oil Filter', 'oil-filter', '263203C000', 'Premium oil filter for engine protection', 250, 320, true, true),
('e1b2c3d4-0001-0001-0001-000000000009', 'c1b2c3d4-0001-0001-0001-000000000006', 'd1b2c3d4-0001-0001-0001-000000000003', 'Cabin Air Filter', 'cabin-air-filter', '971332E000', 'Activated carbon cabin filter for clean interior air', 550, 700, true, false),
('e1b2c3d4-0001-0001-0001-000000000010', 'c1b2c3d4-0001-0001-0001-000000000007', 'd1b2c3d4-0001-0001-0001-000000000007', 'Clutch Kit', 'clutch-kit', '41100M0500', 'Complete clutch kit with disc, cover and release bearing', 4500, 5800, true, true),
('e1b2c3d4-0001-0001-0001-000000000011', 'c1b2c3d4-0001-0001-0001-000000000008', 'd1b2c3d4-0001-0001-0001-000000000003', 'Radiator', 'radiator', '214312Y000', 'Aluminium radiator for efficient cooling', 3800, 4800, true, true),
('e1b2c3d4-0001-0001-0001-000000000012', 'c1b2c3d4-0001-0001-0001-000000000005', 'd1b2c3d4-0001-0001-0001-000000000001', 'Side Mirror - Left', 'side-mirror-left', '87910M02J00', 'Electric adjustable side mirror, left side', 1200, 1500, true, true),
('e1b2c3d4-0001-0001-0001-000000000013', 'c1b2c3d4-0001-0001-0001-000000000005', 'd1b2c3d4-0001-0001-0001-000000000001', 'Headlight Assembly', 'headlight-assembly', '81110M02J00', 'Complete headlight assembly with bulb', 3500, 4200, true, true),
('e1b2c3d4-0001-0001-0001-000000000014', 'c1b2c3d4-0001-0001-0001-000000000009', 'd1b2c3d4-0001-0001-0001-000000000003', 'Power Steering Pump', 'power-steering-pump', '561102Y000', 'Remanufactured power steering pump', 6500, 8200, false, false),
('e1b2c3d4-0001-0001-0001-000000000015', 'c1b2c3d4-0001-0001-0001-000000000001', 'd1b2c3d4-0001-0001-0001-000000000006', 'Fuel Injector', 'fuel-injector', '166003C200', 'Precision fuel injector for optimal fuel delivery', 2200, 2800, true, true),
('e1b2c3d4-0001-0001-0001-000000000016', 'c1b2c3d4-0001-0001-0001-000000000010', 'd1b2c3d4-0001-0001-0001-000000000003', 'Exhaust Silencer', 'exhaust-silencer', '2861026600', 'Stainless steel exhaust silencer for noise reduction', 2800, 3500, true, true),
('e1b2c3d4-0001-0001-0001-000000000017', 'c1b2c3d4-0001-0001-0001-000000000001', 'd1b2c3d4-0001-0001-0001-000000000001', 'Timing Belt Kit', 'timing-belt-kit', '135030M02J', 'Complete timing belt kit with tensioner and water pump', 3200, 4000, true, true),
('e1b2c3d4-0001-0001-0001-000000000018', 'c1b2c3d4-0001-0001-0001-000000000002', 'd1b2c3d4-0001-0001-0001-000000000005', 'Brake Disc - Front', 'brake-disc-front', '516120M000', 'Ventilated front brake disc for heat dissipation', 1500, 1900, true, true),
('e1b2c3d4-0001-0001-0001-000000000019', 'c1b2c3d4-0001-0001-0001-000000000004', 'd1b2c3d4-0001-0001-0001-000000000004', 'Glow Plug', 'glow-plug', '1880126600', 'Quick-start glow plug for diesel engines', 650, 800, true, true),
('e1b2c3d4-0001-0001-0001-000000000020', 'c1b2c3d4-0001-0001-0001-000000000007', 'd1b2c3d4-0001-0001-0001-000000000007', 'Release Bearing', 'release-bearing', '414213C000', 'Clutch release bearing for smooth engagement', 800, 1000, true, false);

-- Part-vehicle compatibility
INSERT INTO part_vehicles (part_id, model_id) VALUES
-- Swift parts
('e1b2c3d4-0001-0001-0001-000000000001', 'b1b2c3d4-0001-0001-0001-000000000001'),
('e1b2c3d4-0001-0001-0001-000000000002', 'b1b2c3d4-0001-0001-0001-000000000001'),
('e1b2c3d4-0001-0001-0001-000000000003', 'b1b2c3d4-0001-0001-0001-000000000001'),
('e1b2c3d4-0001-0001-0001-000000000008', 'b1b2c3d4-0001-0001-0001-000000000001'),
('e1b2c3d4-0001-0001-0001-000000000010', 'b1b2c3d4-0001-0001-0001-000000000001'),
('e1b2c3d4-0001-0001-0001-000000000017', 'b1b2c3d4-0001-0001-0001-000000000001'),
('e1b2c3d4-0001-0001-0001-000000000012', 'b1b2c3d4-0001-0001-0001-000000000001'),
('e1b2c3d4-0001-0001-0001-000000000013', 'b1b2c3d4-0001-0001-0001-000000000001'),
-- Baleno parts
('e1b2c3d4-0001-0001-0001-000000000001', 'b1b2c3d4-0001-0001-0001-000000000002'),
('e1b2c3d4-0001-0001-0001-000000000003', 'b1b2c3d4-0001-0001-0001-000000000002'),
('e1b2c3d4-0001-0001-0001-000000000008', 'b1b2c3d4-0001-0001-0001-000000000002'),
-- WagonR parts
('e1b2c3d4-0001-0001-0001-000000000002', 'b1b2c3d4-0001-0001-0001-000000000003'),
('e1b2c3d4-0001-0001-0001-000000000004', 'b1b2c3d4-0001-0001-0001-000000000003'),
('e1b2c3d4-0001-0001-0001-000000000008', 'b1b2c3d4-0001-0001-0001-000000000003'),
-- i20 parts
('e1b2c3d4-0001-0001-0001-000000000005', 'b1b2c3d4-0001-0001-0001-000000000005'),
('e1b2c3d4-0001-0001-0001-000000000006', 'b1b2c3d4-0001-0001-0001-000000000005'),
('e1b2c3d4-0001-0001-0001-000000000007', 'b1b2c3d4-0001-0001-0001-000000000005'),
('e1b2c3d4-0001-0001-0001-000000000018', 'b1b2c3d4-0001-0001-0001-000000000005'),
-- Creta parts
('e1b2c3d4-0001-0001-0001-000000000006', 'b1b2c3d4-0001-0001-0001-000000000006'),
('e1b2c3d4-0001-0001-0001-000000000011', 'b1b2c3d4-0001-0001-0001-000000000006'),
('e1b2c3d4-0001-0001-0001-000000000015', 'b1b2c3d4-0001-0001-0001-000000000006'),
-- Nexon parts
('e1b2c3d4-0001-0001-0001-000000000003', 'b1b2c3d4-0001-0001-0001-000000000008'),
('e1b2c3d4-0001-0001-0001-000000000005', 'b1b2c3d4-0001-0001-0001-000000000008'),
('e1b2c3d4-0001-0001-0001-000000000010', 'b1b2c3d4-0001-0001-0001-000000000008'),
-- Fortuner parts
('e1b2c3d4-0001-0001-0001-000000000005', 'b1b2c3d4-0001-0001-0001-000000000011'),
('e1b2c3d4-0001-0001-0001-000000000011', 'b1b2c3d4-0001-0001-0001-000000000011'),
-- Thar parts
('e1b2c3d4-0001-0001-0001-000000000005', 'b1b2c3d4-0001-0001-0001-000000000012'),
('e1b2c3d4-0001-0001-0001-000000000016', 'b1b2c3d4-0001-0001-0001-000000000012'),
-- City parts
('e1b2c3d4-0001-0001-0001-000000000001', 'b1b2c3d4-0001-0001-0001-000000000010'),
('e1b2c3d4-0001-0001-0001-000000000007', 'b1b2c3d4-0001-0001-0001-000000000010'),
-- Seltos parts
('e1b2c3d4-0001-0001-0001-000000000003', 'b1b2c3d4-0001-0001-0001-000000000013'),
('e1b2c3d4-0001-0001-0001-000000000009', 'b1b2c3d4-0001-0001-0001-000000000013'),
-- Alto parts
('e1b2c3d4-0001-0001-0001-000000000002', 'b1b2c3d4-0001-0001-0001-000000000004'),
('e1b2c3d4-0001-0001-0001-000000000004', 'b1b2c3d4-0001-0001-0001-000000000004'),
-- Verna parts
('e1b2c3d4-0001-0001-0001-000000000006', 'b1b2c3d4-0001-0001-0001-000000000007'),
('e1b2c3d4-0001-0001-0001-000000000018', 'b1b2c3d4-0001-0001-0001-000000000007'),
-- Harrier parts
('e1b2c3d4-0001-0001-0001-000000000003', 'b1b2c3d4-0001-0001-0001-000000000009'),
('e1b2c3d4-0001-0001-0001-000000000010', 'b1b2c3d4-0001-0001-0001-000000000009');